{
    "available_space": true,
    "id": "j",
    "size_max": 36.78373050689697,
    "size_mean": 9.868045607278514,
    "size_min": 1.7615041732788086,
    "total_size": 848.6519222259521
}