{
    "available_space": true,
    "id": "j",
    "size_max": 36.78373050689697,
    "size_mean": 9.830597866540668,
    "size_min": 1.7615041732788086,
    "total_size": 855.2620143890381
}